CustomerID,Gender,Age,Annual Income (k$),Spending Score (1-100)
1,Male,64,116,33
2,Female,29,101,30
3,Male,33,36,81
4,Male,41,62,32
5,Male,36,135,42
6,Female,25,97,78
7,Male,48,124,10
8,Male,38,65,36
9,Male,34,17,34
10,Female,40,56,73
11,Male,54,33,28
12,Male,33,87,11
13,Male,23,42,78
14,Male,25,98,39
15,Female,42,59,47
16,Male,35,85,19
17,Female,42,92,15
18,Female,29,77,28
19,Female,32,87,24
20,Male,43,137,72
21,Female,58,138,9
22,Male,62,133,47
23,Female,43,135,33
24,Female,64,138,62
25,Female,49,33,97
26,Female,27,61,19
27,Female,33,130,67
28,Female,24,28,74
29,Female,34,134,40
30,Female,40,52,47
31,Male,43,67,65
32,Male,38,75,29
33,Female,39,50,50
34,Female,24,54,98
35,Female,31,95,13
36,Male,32,44,1
37,Female,70,23,34
38,Male,24,78,93
39,Male,26,47,48
40,Male,68,134,77
41,Male,65,66,48
42,Male,25,103,49
43,Female,67,28,64
44,Female,40,89,61
45,Female,46,67,29
46,Female,35,113,39
47,Female,48,119,88
48,Male,47,73,26
49,Female,69,92,17
50,Female,56,108,71
51,Male,52,55,13
52,Female,35,82,69
53,Male,59,137,26
54,Female,56,82,49
55,Male,34,106,67
56,Female,31,22,7
57,Female,48,16,58
58,Male,41,119,49
59,Male,52,139,53
60,Male,61,124,65
61,Male,62,100,62
62,Male,51,55,17
63,Male,20,134,43
64,Male,54,69,25
65,Male,60,30,3
66,Female,57,107,79
67,Female,43,76,29
68,Male,40,127,32
69,Female,61,62,26
70,Female,56,44,16
71,Female,32,26,25
72,Female,66,49,54
73,Male,21,25,28
74,Female,46,78,73
75,Male,39,124,56
76,Female,42,64,65
77,Female,30,99,93
78,Female,35,35,86
79,Male,50,83,80
80,Female,33,62,41
81,Male,62,34,51
82,Female,59,115,71
83,Male,61,81,78
84,Female,19,58,29
85,Male,52,47,83
86,Male,59,131,19
87,Female,51,139,66
88,Male,47,87,41
89,Female,30,75,45
90,Female,30,23,15
91,Female,35,82,3
92,Female,49,49,11
93,Female,49,95,53
94,Female,52,112,46
95,Female,56,102,30
96,Female,63,110,57
97,Female,69,79,18
98,Female,46,22,51
99,Female,66,59,48
100,Male,46,101,66
101,Male,70,61,96
102,Female,61,54,8
103,Female,33,90,22
104,Female,61,68,6
105,Female,64,90,76
106,Female,27,60,57
107,Female,47,61,36
108,Female,42,29,79
109,Female,56,119,92
110,Male,37,33,57
111,Female,22,40,49
112,Male,18,66,45
113,Female,47,107,82
114,Female,66,36,66
115,Male,20,118,77
116,Female,62,35,45
117,Male,31,65,79
118,Female,47,52,20
119,Female,67,34,64
120,Male,21,135,93
121,Female,35,43,93
122,Male,54,65,67
123,Female,42,18,83
124,Male,65,69,3
125,Male,18,85,54
126,Female,70,106,78
127,Female,63,42,64
128,Male,32,18,40
129,Female,26,36,59
130,Female,32,90,55
131,Female,66,59,62
132,Male,41,81,4
133,Male,21,100,60
134,Male,29,122,75
135,Male,54,80,95
136,Male,54,102,96
137,Male,60,48,91
138,Male,23,105,30
139,Male,56,69,2
140,Male,63,119,62
141,Female,41,15,49
142,Male,28,86,9
143,Female,30,101,92
144,Female,51,52,31
145,Female,42,20,98
146,Male,24,100,61
147,Male,69,39,79
148,Male,21,96,48
149,Male,25,31,25
150,Female,37,75,36
151,Male,46,26,8
152,Male,70,20,73
153,Male,68,104,58
154,Male,62,41,45
155,Male,63,22,62
156,Female,27,97,39
157,Male,60,138,96
158,Female,51,120,58
159,Male,43,79,81
160,Female,58,71,99
161,Male,66,107,83
162,Male,20,123,64
163,Female,23,127,44
164,Female,22,113,29
165,Female,22,54,59
166,Male,64,28,71
167,Female,40,49,92
168,Male,66,62,9
169,Male,26,123,92
170,Female,52,98,6
171,Female,37,70,29
172,Male,66,63,58
173,Male,59,27,17
174,Female,52,75,16
175,Female,67,116,87
176,Female,35,63,95
177,Male,34,60,3
178,Male,41,127,21
179,Male,20,76,64
180,Male,49,22,90
181,Male,52,57,36
182,Male,55,34,86
183,Female,30,138,62
184,Male,64,111,42
185,Male,42,104,76
186,Male,26,53,42
187,Female,21,99,61
188,Male,31,131,13
189,Male,54,63,11
190,Female,51,78,54
191,Male,28,76,16
192,Male,58,120,8
193,Male,20,121,59
194,Male,45,68,57
195,Male,46,140,40
196,Female,26,119,59
197,Female,20,23,2
198,Female,42,102,94
199,Male,51,51,94
200,Male,29,63,76
201,Male,59,55,10
202,Female,26,31,44
203,Male,32,102,11
204,Male,57,35,79
205,Female,42,65,80
206,Male,22,73,81
207,Female,28,53,90
208,Female,51,69,2
209,Female,41,55,50
210,Male,32,53,12
211,Male,55,27,90
212,Male,25,78,23
213,Male,22,25,18
214,Male,65,124,62
215,Male,43,33,96
216,Male,35,25,62
217,Female,23,91,38
218,Male,54,60,67
219,Female,65,59,38
220,Male,30,15,67
221,Male,45,54,94
222,Male,22,122,61
223,Female,30,33,1
224,Female,34,90,94
225,Female,67,86,45
226,Female,57,86,96
227,Male,62,75,28
228,Female,49,131,21
229,Male,46,123,13
230,Male,68,26,27
231,Female,20,75,100
232,Female,57,126,7
233,Female,51,47,22
234,Female,57,59,74
235,Female,44,104,53
236,Female,30,117,79
237,Female,62,106,79
238,Female,50,136,4
239,Male,23,83,96
240,Female,41,22,23
241,Female,36,39,70
242,Male,33,105,88
243,Female,57,60,84
244,Male,45,101,84
245,Male,50,44,76
246,Female,65,123,33
247,Male,58,61,28
248,Male,30,101,8
249,Male,60,63,1
250,Male,62,61,37
251,Female,42,98,63
252,Male,70,96,22
253,Female,59,32,70
254,Male,53,80,21
255,Male,44,82,96
256,Male,55,108,35
257,Male,24,47,79
258,Female,22,50,5
259,Female,60,96,60
260,Male,62,115,46
261,Male,68,33,50
262,Female,48,125,48
263,Male,40,42,6
264,Male,59,54,89
265,Male,27,98,56
266,Female,49,127,59
267,Female,60,111,29
268,Female,70,90,71
269,Male,47,136,77
270,Male,56,129,18
271,Female,48,29,2
272,Female,35,55,8
273,Female,53,53,75
274,Female,19,16,97
275,Male,31,77,54
276,Female,30,43,38
277,Male,46,119,48
278,Female,29,88,27
279,Male,56,80,20
280,Female,19,65,12
281,Female,49,89,43
282,Female,30,91,61
283,Female,63,24,31
284,Male,44,28,91
285,Female,66,96,96
286,Male,58,65,61
287,Male,34,132,74
288,Male,57,87,67
289,Male,48,135,91
290,Female,51,53,35
291,Male,41,42,95
292,Male,62,17,15
293,Male,52,98,16
294,Female,65,84,13
295,Female,23,41,35
296,Female,36,131,75
297,Female,47,16,59
298,Male,24,107,21
299,Male,27,52,54
300,Female,58,17,75
301,Male,49,30,30
302,Male,51,108,48
303,Male,45,54,35
304,Female,32,16,86
305,Female,47,95,38
306,Male,54,55,31
307,Female,46,140,78
308,Female,39,26,24
309,Female,21,49,49
310,Female,37,121,96
311,Female,49,79,100
312,Male,53,69,32
313,Female,67,59,55
314,Male,21,93,79
315,Male,44,104,58
316,Female,34,115,99
317,Male,29,99,3
318,Male,39,76,80
319,Male,34,63,69
320,Female,27,109,85
321,Female,18,39,10
322,Male,39,37,83
323,Female,43,38,25
324,Female,35,135,68
325,Female,67,52,61
326,Female,31,42,29
327,Male,64,35,19
328,Male,46,68,43
329,Female,29,121,66
330,Female,53,32,74
331,Male,52,50,61
332,Male,69,113,43
333,Female,29,59,25
334,Male,24,133,20
335,Female,46,87,48
336,Female,28,67,83
337,Male,50,116,87
338,Male,23,136,24
339,Female,64,44,11
340,Female,32,74,98
341,Male,49,122,55
342,Female,68,112,28
343,Male,28,46,69
344,Female,40,81,63
345,Male,43,81,59
346,Male,51,42,5
347,Male,63,58,51
348,Female,51,93,21
349,Female,46,55,12
350,Male,21,77,50
351,Female,34,37,4
352,Male,52,118,42
353,Male,30,89,84
354,Female,58,62,38
355,Female,56,46,25
356,Male,32,136,14
357,Female,46,137,75
358,Female,46,71,32
359,Male,28,132,11
360,Male,69,114,61
361,Female,49,138,18
362,Male,19,47,27
363,Male,64,38,55
364,Female,31,53,54
365,Male,37,48,82
366,Male,39,70,87
367,Female,28,42,75
368,Female,44,51,21
369,Male,20,21,44
370,Male,34,82,5
371,Female,61,51,87
372,Female,45,70,41
373,Female,46,79,59
374,Female,38,79,89
375,Male,64,61,54
376,Female,33,34,74
377,Female,54,33,22
378,Male,37,43,83
379,Female,23,88,65
380,Male,36,74,64
381,Female,22,32,71
382,Female,20,106,4
383,Female,18,49,65
384,Male,55,57,15
385,Male,32,125,76
386,Female,51,109,22
387,Male,52,105,86
388,Male,66,140,47
389,Male,42,25,81
390,Male,41,63,93
391,Male,29,127,46
392,Male,35,52,14
393,Female,32,78,50
394,Female,61,83,20
395,Male,33,22,50
396,Female,44,48,33
397,Female,25,62,59
398,Female,63,130,43
399,Female,42,70,79
400,Male,34,90,12
401,Female,46,116,40
402,Female,70,79,20
403,Male,25,45,94
404,Male,32,18,38
405,Female,44,127,3
406,Female,63,123,28
407,Female,67,64,56
408,Female,69,83,90
409,Female,24,44,94
410,Female,20,134,13
411,Male,46,102,77
412,Female,61,73,66
413,Female,70,81,37
414,Male,41,89,49
415,Male,20,59,66
416,Male,37,18,36
417,Male,63,40,54
418,Female,32,41,26
419,Female,42,60,75
420,Female,47,132,72
421,Female,31,121,40
422,Female,24,78,43
423,Female,34,105,22
424,Male,61,120,20
425,Female,37,65,8
426,Male,53,64,29
427,Male,26,20,40
428,Female,55,73,90
429,Male,65,139,30
430,Female,39,29,81
431,Male,70,131,84
432,Female,70,44,55
433,Male,19,56,16
434,Female,41,115,46
435,Female,25,136,62
436,Female,28,139,7
437,Female,30,51,80
438,Female,34,56,45
439,Male,25,138,59
440,Male,38,115,56
441,Male,35,49,48
442,Female,47,101,27
443,Male,35,20,53
444,Female,63,82,87
445,Female,64,32,88
446,Male,48,138,73
447,Male,55,87,35
448,Female,49,127,51
449,Male,28,43,84
450,Female,62,91,37
451,Female,42,73,81
452,Female,50,61,95
453,Female,55,140,57
454,Female,58,130,8
455,Male,25,31,79
456,Male,28,123,95
457,Female,39,110,94
458,Female,68,126,20
459,Male,41,36,53
460,Male,58,82,12
461,Female,34,83,49
462,Male,29,51,17
463,Female,63,119,64
464,Male,49,63,42
465,Female,32,27,94
466,Male,33,48,29
467,Female,39,123,19
468,Male,45,100,11
469,Male,37,67,98
470,Female,50,137,50
471,Male,27,101,71
472,Female,57,65,58
473,Male,49,17,34
474,Female,67,56,20
475,Male,50,112,50
476,Female,19,46,88
477,Male,50,123,10
478,Female,50,65,32
479,Male,58,136,52
480,Female,30,127,15
481,Female,47,99,84
482,Female,50,60,3
483,Male,30,122,37
484,Female,69,35,40
485,Male,43,58,72
486,Female,39,25,40
487,Male,56,117,56
488,Female,19,82,23
489,Male,55,129,11
490,Male,56,15,64
491,Female,43,106,8
492,Male,63,77,93
493,Male,67,38,94
494,Female,32,139,56
495,Male,51,113,60
496,Male,59,27,10
497,Male,61,125,39
498,Female,66,112,28
499,Male,57,25,49
500,Female,28,114,36
501,Male,20,65,13
502,Male,23,139,96
503,Male,26,31,36
504,Female,23,113,26
505,Male,26,138,86
506,Male,56,96,4
507,Female,48,118,95
508,Male,49,100,82
509,Female,58,135,64
510,Female,67,38,38
511,Male,29,136,88
512,Female,25,33,87
513,Male,25,51,22
514,Female,67,117,2
515,Female,45,99,31
516,Male,37,22,11
517,Female,64,42,92
518,Female,24,19,46
519,Female,28,31,96
520,Female,37,115,62
521,Female,33,50,69
522,Male,21,132,64
523,Female,23,33,10
524,Male,39,78,40
525,Female,43,105,24
526,Male,20,131,99
527,Male,58,112,44
528,Female,59,25,60
529,Female,31,68,62
530,Female,28,59,87
531,Male,35,61,17
532,Female,29,26,65
533,Male,40,132,95
534,Male,29,35,95
535,Male,30,132,57
536,Female,42,25,55
537,Female,62,117,53
538,Male,68,106,56
539,Male,36,19,98
540,Female,63,95,9
541,Male,53,70,22
542,Female,62,34,13
543,Male,25,55,89
544,Female,46,60,48
545,Male,70,136,18
546,Female,49,26,76
547,Male,68,84,40
548,Female,61,31,17
549,Female,35,129,15
550,Male,23,33,15
551,Male,35,40,79
552,Female,36,62,63
553,Male,39,122,39
554,Female,54,122,13
555,Male,49,66,81
556,Female,58,110,32
557,Female,20,84,9
558,Female,45,69,40
559,Female,27,136,20
560,Female,68,114,90
561,Female,52,116,91
562,Male,46,89,85
563,Male,32,47,82
564,Male,50,76,77
565,Female,24,102,80
566,Female,29,37,73
567,Female,66,29,63
568,Female,47,41,76
569,Male,38,89,44
570,Male,48,78,38
571,Female,41,135,83
572,Male,37,129,60
573,Male,54,128,71
574,Female,21,95,99
575,Male,45,65,48
576,Female,61,67,18
577,Male,37,92,16
578,Female,41,105,55
579,Female,67,96,39
580,Female,66,106,68
581,Female,68,65,59
582,Male,49,61,89
583,Female,58,125,96
584,Female,53,18,62
585,Female,70,21,13
586,Male,51,123,81
587,Female,53,49,6
588,Male,19,62,83
589,Female,32,87,77
590,Male,51,86,60
591,Male,53,130,90
592,Female,23,59,14
593,Male,56,95,95
594,Female,59,95,54
595,Female,68,127,4
596,Female,68,111,39
597,Male,29,110,72
598,Male,20,86,25
599,Female,62,33,77
600,Female,35,77,32
601,Male,57,52,59
602,Female,38,81,63
603,Female,32,73,38
604,Female,50,83,92
605,Male,52,27,53
606,Male,43,61,94
607,Male,25,124,67
608,Female,53,75,28
609,Female,65,45,3
610,Female,47,133,98
611,Male,40,94,80
612,Female,59,128,22
613,Female,61,110,96
614,Female,31,36,38
615,Female,31,107,72
616,Male,19,100,72
617,Male,54,57,62
618,Female,22,81,57
619,Male,55,68,6
620,Male,62,24,78
621,Female,58,56,32
622,Female,64,78,99
623,Male,31,140,10
624,Female,56,35,3
625,Male,42,94,59
626,Female,37,90,76
627,Male,19,80,49
628,Female,56,55,59
629,Male,23,38,31
630,Male,34,49,93
631,Male,42,70,69
632,Female,45,44,62
633,Male,19,71,52
634,Male,52,108,89
635,Female,54,61,41
636,Female,22,49,31
637,Male,18,33,85
638,Male,57,128,84
639,Female,29,22,22
640,Female,53,40,4
641,Female,62,127,13
642,Female,40,118,45
643,Female,64,85,42
644,Male,48,44,49
645,Female,28,21,20
646,Male,27,81,77
647,Male,20,79,81
648,Male,31,50,54
649,Female,33,39,36
650,Male,27,51,97
651,Male,46,15,1
652,Female,27,29,15
653,Male,29,51,77
654,Male,47,27,17
655,Female,58,118,24
656,Male,18,22,58
657,Male,22,19,72
658,Male,37,74,91
659,Female,25,87,23
660,Female,60,15,46
661,Female,29,50,72
662,Male,18,49,8
663,Male,37,80,59
664,Female,45,77,90
665,Male,60,118,59
666,Male,54,37,13
667,Female,64,23,39
668,Female,54,48,28
669,Male,29,60,89
670,Male,54,92,61
671,Male,66,18,16
672,Female,66,44,2
673,Female,61,109,82
674,Female,45,116,17
675,Female,64,89,30
676,Male,32,113,13
677,Female,23,86,96
678,Female,61,17,93
679,Female,37,28,94
680,Female,67,74,82
681,Female,31,91,13
682,Male,19,59,43
683,Male,26,110,85
684,Female,54,48,94
685,Male,37,59,21
686,Female,43,75,55
687,Female,46,97,81
688,Male,18,137,40
689,Male,52,116,83
690,Female,23,30,15
691,Female,54,80,73
692,Female,70,54,52
693,Male,22,31,74
694,Female,50,133,95
695,Female,66,48,53
696,Female,68,120,87
697,Male,31,138,52
698,Female,29,30,30
699,Female,59,116,33
700,Male,37,74,57
701,Female,70,80,52
702,Female,67,80,9
703,Male,41,104,54
704,Female,60,27,1
705,Male,51,70,44
706,Male,42,125,99
707,Female,67,45,75
708,Female,46,138,98
709,Female,56,48,80
710,Female,48,53,9
711,Male,64,81,32
712,Female,60,22,15
713,Male,67,101,12
714,Female,40,92,97
715,Female,61,134,78
716,Female,55,140,57
717,Male,37,69,8
718,Female,40,41,72
719,Female,62,132,27
720,Female,69,107,62
721,Female,33,117,12
722,Male,67,67,65
723,Female,59,53,42
724,Male,25,79,62
725,Male,67,31,11
726,Male,38,119,43
727,Male,18,44,95
728,Male,25,67,17
729,Male,46,27,97
730,Female,49,35,32
731,Male,55,33,93
732,Male,22,67,85
733,Male,64,33,85
734,Female,39,71,40
735,Female,64,39,23
736,Male,51,100,56
737,Female,18,45,6
738,Male,43,95,86
739,Male,60,69,50
740,Female,27,37,37
741,Male,47,46,64
742,Female,67,76,54
743,Female,35,88,72
744,Male,34,24,49
745,Male,43,114,99
746,Female,25,86,11
747,Male,64,68,88
748,Male,57,66,49
749,Male,66,34,21
750,Female,29,46,66
751,Female,44,128,63
752,Male,25,28,83
753,Female,42,64,28
754,Female,63,42,17
755,Female,21,124,6
756,Female,50,130,19
757,Female,18,67,56
758,Male,36,38,28
759,Male,48,93,66
760,Male,33,36,38
761,Female,31,44,37
762,Female,70,77,68
763,Male,65,18,86
764,Female,22,91,90
765,Male,58,73,49
766,Male,43,101,43
767,Male,45,22,36
768,Female,19,96,58
769,Female,67,26,13
770,Male,23,133,52
771,Male,26,45,58
772,Male,50,92,32
773,Male,58,48,81
774,Female,42,96,100
775,Female,65,134,60
776,Male,30,112,83
777,Male,26,89,58
778,Female,70,119,99
779,Female,30,90,56
780,Male,48,63,28
781,Male,58,93,1
782,Male,28,71,42
783,Female,21,109,82
784,Female,51,127,48
785,Female,55,136,40
786,Male,63,107,97
787,Male,21,40,63
788,Female,55,32,76
789,Female,36,110,72
790,Male,23,100,88
791,Female,51,52,80
792,Female,35,95,4
793,Male,30,101,38
794,Female,58,102,27
795,Male,40,64,9
796,Male,36,22,16
797,Male,62,55,56
798,Male,28,20,76
799,Male,18,83,31
800,Male,41,58,88
801,Male,24,135,14
802,Female,42,78,25
803,Male,38,43,34
804,Male,32,42,67
805,Female,18,25,24
806,Female,29,135,73
807,Female,24,79,26
808,Male,32,121,20
809,Female,38,33,64
810,Male,36,23,10
811,Male,46,41,83
812,Male,42,48,67
813,Male,50,58,24
814,Female,66,82,5
815,Female,49,114,67
816,Male,66,96,58
817,Male,52,29,27
818,Male,61,65,80
819,Female,55,27,15
820,Male,43,97,35
821,Male,28,63,76
822,Female,52,84,53
823,Female,25,126,44
824,Male,63,70,26
825,Female,31,90,47
826,Female,27,65,34
827,Male,19,51,87
828,Female,63,31,95
829,Male,26,72,50
830,Female,20,101,84
831,Male,38,104,12
832,Male,43,43,87
833,Male,25,47,4
834,Female,65,74,87
835,Male,19,105,48
836,Female,23,103,55
837,Male,45,134,1
838,Male,70,69,89
839,Female,46,24,66
840,Male,43,61,30
841,Male,42,37,3
842,Female,29,99,21
843,Male,22,35,89
844,Male,51,121,84
845,Male,65,27,49
846,Male,54,115,86
847,Female,32,47,85
848,Female,61,38,62
849,Male,53,122,97
850,Female,32,25,38
851,Male,60,31,15
852,Female,65,82,52
853,Male,40,61,79
854,Male,23,39,46
855,Male,63,108,25
856,Male,67,87,21
857,Male,61,35,88
858,Male,60,98,5
859,Female,62,97,70
860,Male,38,97,47
861,Female,40,26,87
862,Male,60,51,68
863,Female,33,56,91
864,Female,64,31,18
865,Female,70,115,21
866,Male,32,132,92
867,Male,42,62,99
868,Female,53,117,86
869,Male,28,42,23
870,Female,68,55,64
871,Male,32,113,67
872,Female,21,61,40
873,Female,38,126,10
874,Male,30,32,89
875,Female,39,92,52
876,Male,36,113,72
877,Female,51,122,75
878,Female,31,119,61
879,Male,21,138,64
880,Male,65,85,5
881,Male,70,119,53
882,Female,69,27,55
883,Male,63,96,37
884,Female,44,115,56
885,Female,46,27,59
886,Male,64,114,93
887,Male,45,45,69
888,Female,52,16,73
889,Female,25,30,59
890,Male,33,23,2
891,Male,59,87,65
892,Male,53,52,60
893,Male,47,89,51
894,Male,35,68,30
895,Female,19,70,11
896,Female,66,100,92
897,Female,30,111,76
898,Female,21,114,39
899,Male,43,123,90
900,Male,42,101,77
901,Male,47,59,72
902,Female,28,123,63
903,Female,24,48,64
904,Male,48,23,61
905,Male,61,102,54
906,Female,27,22,92
907,Female,56,21,94
908,Male,30,50,73
909,Male,48,32,95
910,Female,24,17,58
911,Male,66,42,85
912,Male,59,84,56
913,Male,59,122,34
914,Female,53,58,31
915,Female,37,35,52
916,Female,21,42,89
917,Female,24,118,76
918,Female,18,68,1
919,Female,61,68,55
920,Female,62,79,22
921,Male,59,114,40
922,Male,64,35,1
923,Male,30,138,65
924,Male,39,121,63
925,Male,38,113,54
926,Male,39,27,42
927,Male,45,71,21
928,Female,26,63,79
929,Female,43,132,81
930,Male,26,68,22
931,Male,32,24,38
932,Female,27,67,99
933,Male,41,58,80
934,Male,59,61,8
935,Female,25,67,62
936,Male,41,88,47
937,Female,33,60,17
938,Male,66,27,17
939,Female,43,51,90
940,Female,44,116,13
941,Female,54,38,17
942,Male,21,16,38
943,Female,67,100,81
944,Male,41,95,78
945,Male,36,114,45
946,Male,53,28,6
947,Male,56,24,35
948,Female,27,49,14
949,Female,42,39,72
950,Male,35,17,61
951,Male,36,125,15
952,Female,53,116,54
953,Male,27,31,27
954,Female,50,26,13
955,Male,67,68,31
956,Male,22,130,35
957,Female,64,38,60
958,Male,66,43,6
959,Female,52,57,69
960,Male,61,39,86
961,Male,51,114,58
962,Male,50,136,49
963,Female,38,74,23
964,Male,34,104,89
965,Male,39,116,34
966,Male,65,79,26
967,Male,54,98,47
968,Female,32,133,5
969,Female,52,42,90
970,Male,45,30,20
971,Female,24,61,6
972,Male,49,95,70
973,Male,28,118,59
974,Male,27,106,64
975,Female,26,72,18
976,Female,31,90,4
977,Female,30,41,17
978,Female,42,132,14
979,Female,19,67,78
980,Female,52,56,13
981,Female,24,73,7
982,Female,38,61,44
983,Female,35,108,15
984,Male,20,119,19
985,Female,59,48,63
986,Female,56,51,35
987,Female,58,20,81
988,Female,66,21,35
989,Female,28,110,19
990,Female,56,110,20
991,Female,41,131,100
992,Female,63,39,35
993,Female,36,47,32
994,Female,21,69,48
995,Female,43,72,44
996,Male,55,21,24
997,Male,59,130,61
998,Female,49,71,17
999,Female,56,140,71
1000,Male,62,26,50
1001,Female,63,30,65
1002,Male,53,94,99
1003,Male,57,57,32
1004,Male,54,131,36
1005,Male,50,114,13
1006,Male,53,91,70
1007,Female,20,21,58
1008,Male,26,114,14
1009,Female,25,125,37
1010,Female,50,65,79
1011,Male,23,87,68
1012,Male,58,46,40
1013,Female,56,89,59
1014,Male,21,22,80
1015,Male,30,111,92
1016,Female,66,101,16
1017,Female,19,103,62
1018,Male,22,134,4
1019,Female,61,86,45
1020,Male,44,59,90
1021,Male,49,100,28
1022,Male,38,73,96
1023,Female,25,18,66
1024,Female,55,118,31
1025,Female,25,81,3
1026,Female,67,43,8
1027,Female,20,119,24
1028,Male,61,43,15
1029,Male,20,112,43
1030,Male,39,112,31
1031,Male,23,42,73
1032,Female,19,91,45
1033,Male,40,93,66
1034,Female,61,138,8
1035,Male,19,101,71
1036,Female,55,58,57
1037,Female,34,104,80
1038,Male,52,18,99
1039,Male,51,104,30
1040,Male,40,118,74
1041,Male,47,23,18
1042,Female,69,133,69
1043,Male,25,19,93
1044,Male,39,70,39
1045,Female,61,110,60
1046,Male,53,98,98
1047,Male,22,64,43
1048,Male,30,89,45
1049,Male,46,29,23
1050,Male,48,46,69
1051,Female,64,42,94
1052,Male,33,36,6
1053,Male,59,119,56
1054,Male,47,31,4
1055,Male,33,73,93
1056,Male,29,104,23
1057,Female,34,122,6
1058,Male,33,85,32
1059,Female,29,120,18
1060,Female,25,71,15
1061,Male,37,40,40
1062,Male,20,39,96
1063,Male,33,24,73
1064,Male,47,137,74
1065,Female,62,59,84
1066,Male,40,97,6
1067,Male,45,25,63
1068,Male,68,91,67
1069,Male,57,67,11
1070,Male,22,86,43
1071,Male,37,118,17
1072,Female,57,82,96
1073,Female,61,125,4
1074,Male,18,109,63
1075,Male,47,42,68
1076,Male,38,89,81
1077,Female,37,121,41
1078,Male,23,79,83
1079,Female,39,63,5
1080,Male,35,61,32
1081,Male,25,66,86
1082,Male,56,116,70
1083,Male,49,102,35
1084,Female,50,68,22
1085,Female,70,74,65
1086,Male,33,71,84
1087,Male,29,61,22
1088,Female,55,45,11
1089,Female,69,119,77
1090,Female,51,60,3
1091,Female,31,128,9
1092,Male,53,40,60
1093,Female,50,127,76
1094,Male,40,128,87
1095,Female,67,19,14
1096,Female,62,98,97
1097,Female,19,66,18
1098,Female,58,119,73
1099,Female,38,89,23
1100,Male,19,134,74
1101,Male,44,68,83
1102,Female,26,47,47
1103,Female,18,64,69
1104,Male,28,52,47
1105,Female,20,41,87
1106,Female,69,112,30
1107,Male,40,29,25
1108,Female,43,110,28
1109,Female,21,75,98
1110,Male,35,136,25
1111,Male,23,35,74
1112,Male,52,60,78
1113,Female,39,83,58
1114,Male,60,20,94
1115,Male,32,52,41
1116,Male,39,76,25
1117,Male,54,100,78
1118,Male,69,76,99
1119,Male,59,96,48
1120,Female,29,92,98
1121,Female,64,88,10
1122,Male,66,60,99
1123,Male,59,27,75
1124,Male,55,109,11
1125,Female,35,108,85
1126,Female,62,17,21
1127,Female,52,108,86
1128,Female,47,20,45
1129,Female,41,107,7
1130,Female,59,22,81
1131,Female,47,58,64
1132,Female,31,123,64
1133,Female,23,121,2
1134,Male,20,122,76
1135,Male,33,47,42
1136,Male,24,95,82
1137,Male,69,126,54
1138,Female,31,89,75
1139,Female,26,91,16
1140,Male,32,64,18
1141,Female,38,25,99
1142,Male,52,109,59
1143,Female,19,42,90
1144,Male,44,122,16
1145,Female,19,84,6
1146,Female,52,55,57
1147,Male,35,30,47
1148,Female,31,82,48
1149,Male,37,113,42
1150,Male,35,138,76
1151,Male,27,62,60
1152,Male,42,70,77
1153,Female,19,78,4
1154,Female,42,73,2
1155,Female,50,104,90
1156,Male,53,76,59
1157,Female,48,135,27
1158,Male,31,90,27
1159,Female,18,25,79
1160,Female,63,115,72
1161,Female,33,103,7
1162,Male,63,32,63
1163,Female,69,33,46
1164,Female,20,101,63
1165,Male,52,69,12
1166,Female,58,116,13
1167,Male,23,132,43
1168,Female,42,96,17
1169,Male,30,40,63
1170,Male,70,20,81
1171,Female,51,18,36
1172,Male,25,122,85
1173,Male,38,129,8
1174,Male,51,43,69
1175,Male,21,73,90
1176,Male,42,139,80
1177,Male,32,112,36
1178,Female,21,31,28
1179,Male,62,121,93
1180,Male,29,57,47
1181,Female,49,131,76
1182,Female,49,94,30
1183,Female,45,80,23
1184,Female,30,48,16
1185,Female,48,133,14
1186,Female,31,22,74
1187,Female,37,27,71
1188,Male,35,120,52
1189,Male,46,22,37
1190,Female,23,108,29
1191,Male,49,110,67
1192,Male,46,114,15
1193,Male,60,125,100
1194,Female,19,108,47
1195,Female,40,79,46
1196,Male,36,57,52
1197,Female,48,53,19
1198,Male,68,95,77
1199,Male,22,73,21
1200,Male,36,98,64
1201,Male,51,102,37
1202,Female,27,128,27
1203,Female,42,100,55
1204,Female,19,107,29
1205,Male,28,100,20
1206,Female,67,58,25
1207,Male,48,23,70
1208,Female,32,51,63
1209,Male,26,88,36
1210,Male,40,50,2
1211,Male,36,115,22
1212,Female,26,106,96
1213,Female,52,42,16
1214,Female,38,56,18
1215,Female,26,57,69
1216,Male,45,99,54
1217,Female,63,102,100
1218,Female,68,56,30
1219,Male,24,138,45
1220,Male,33,118,19
1221,Male,33,80,87
1222,Female,50,69,34
1223,Male,21,86,13
1224,Male,21,62,43
1225,Male,56,105,62
1226,Female,57,36,93
1227,Male,34,115,100
1228,Female,54,41,22
1229,Female,56,135,52
1230,Male,69,107,52
1231,Male,46,81,36
1232,Female,69,122,73
1233,Male,53,27,19
1234,Male,55,59,38
1235,Female,56,24,70
1236,Female,67,114,79
1237,Male,54,23,57
1238,Female,69,68,20
1239,Male,52,134,9
1240,Male,24,133,32
1241,Male,44,41,4
1242,Female,45,48,50
1243,Male,39,129,82
1244,Male,31,15,5
1245,Male,24,46,20
1246,Female,54,103,87
1247,Female,39,107,75
1248,Female,22,85,37
1249,Female,19,127,22
1250,Female,44,81,58
1251,Male,38,98,68
1252,Female,55,34,93
1253,Female,32,131,44
1254,Female,38,108,34
1255,Male,27,49,77
1256,Female,40,113,42
1257,Female,56,127,9
1258,Male,22,117,95
1259,Female,18,105,7
1260,Male,30,104,68
1261,Male,38,92,19
1262,Male,43,31,94
1263,Male,67,32,31
1264,Male,62,59,35
1265,Female,38,130,57
1266,Male,70,107,85
1267,Male,35,98,61
1268,Female,54,67,31
1269,Male,62,105,83
1270,Female,49,96,95
1271,Female,53,82,53
1272,Female,34,79,32
1273,Male,52,128,66
1274,Male,66,15,59
1275,Male,28,72,10
1276,Female,38,40,2
1277,Male,69,123,66
1278,Male,70,34,60
1279,Male,43,130,88
1280,Female,21,101,17
1281,Female,51,24,96
1282,Male,69,73,16
1283,Male,65,89,16
1284,Male,35,55,46
1285,Male,57,119,39
1286,Female,52,19,31
1287,Female,58,136,88
1288,Female,46,79,1
1289,Female,69,31,11
1290,Male,46,36,85
1291,Male,55,112,4
1292,Male,59,134,71
1293,Female,38,123,26
1294,Male,59,55,50
1295,Female,30,107,12
1296,Female,66,82,95
1297,Male,58,83,81
1298,Male,34,25,97
1299,Male,26,70,75
1300,Female,58,65,92
1301,Male,18,35,96
1302,Female,19,113,65
1303,Male,65,90,47
1304,Female,46,40,92
1305,Female,50,129,53
1306,Male,27,33,71
1307,Female,67,123,2
1308,Female,57,74,24
1309,Male,38,85,4
1310,Female,45,61,19
1311,Male,28,133,26
1312,Female,51,85,75
1313,Male,25,40,40
1314,Male,39,54,50
1315,Female,25,19,43
1316,Female,66,35,75
1317,Female,32,92,67
1318,Female,34,18,12
1319,Female,40,37,67
1320,Male,41,120,27
1321,Female,62,98,54
1322,Male,36,29,66
1323,Male,22,128,49
1324,Female,49,130,16
1325,Male,61,123,2
1326,Male,18,107,60
1327,Male,40,22,54
1328,Male,54,55,30
1329,Female,25,126,84
1330,Male,30,33,38
1331,Female,25,126,28
1332,Female,40,117,25
1333,Male,60,60,96
1334,Female,18,42,10
1335,Female,62,124,60
1336,Female,68,135,42
1337,Male,41,105,40
1338,Female,52,82,97
1339,Female,41,136,77
1340,Female,34,29,42
1341,Male,22,113,47
1342,Female,37,51,37
1343,Male,38,15,80
1344,Male,57,81,22
1345,Male,48,125,57
1346,Male,63,38,84
1347,Male,53,41,27
1348,Male,28,54,41
1349,Female,69,77,80
1350,Male,32,75,34
1351,Female,36,50,32
1352,Female,24,112,90
1353,Male,68,107,89
1354,Female,45,38,66
1355,Female,68,38,12
1356,Female,60,120,40
1357,Female,22,18,73
1358,Male,22,81,76
1359,Female,47,48,90
1360,Male,49,71,73
1361,Female,25,63,10
1362,Female,27,101,96
1363,Male,55,67,98
1364,Female,64,134,48
1365,Female,49,130,20
1366,Female,65,37,39
1367,Male,45,123,60
1368,Female,34,83,66
1369,Male,48,109,65
1370,Female,25,140,51
1371,Male,57,67,36
1372,Male,42,76,24
1373,Female,26,55,27
1374,Female,19,71,2
1375,Male,32,139,31
1376,Male,67,135,57
1377,Female,20,74,78
1378,Male,66,68,66
1379,Female,53,84,29
1380,Female,21,115,15
1381,Female,31,71,12
1382,Female,58,24,28
1383,Male,58,54,84
1384,Female,42,21,24
1385,Male,67,117,21
1386,Female,27,52,10
1387,Male,38,99,78
1388,Female,53,75,18
1389,Male,29,98,88
1390,Male,44,17,14
1391,Female,57,65,34
1392,Female,19,100,58
1393,Female,30,61,76
1394,Female,70,82,22
1395,Male,49,106,70
1396,Female,48,90,36
1397,Male,33,52,45
1398,Male,49,129,36
1399,Female,49,50,22
1400,Male,51,125,78
1401,Male,28,55,80
1402,Male,27,83,61
1403,Male,32,27,100
1404,Female,34,101,56
1405,Female,57,72,89
1406,Female,35,64,96
1407,Female,26,44,33
1408,Male,42,76,45
1409,Male,57,115,36
1410,Female,31,39,20
1411,Female,42,126,18
1412,Female,67,41,38
1413,Male,39,65,67
1414,Female,69,92,23
1415,Female,47,71,96
1416,Female,37,140,16
1417,Male,38,126,59
1418,Male,61,137,69
1419,Male,49,61,68
1420,Male,68,132,21
1421,Male,63,114,78
1422,Male,66,53,95
1423,Male,38,30,78
1424,Male,52,134,70
1425,Female,49,36,12
1426,Female,47,99,16
1427,Male,56,68,81
1428,Male,66,35,87
1429,Female,29,86,14
1430,Male,58,127,61
1431,Male,64,30,71
1432,Male,35,73,46
1433,Female,38,133,32
1434,Female,30,45,15
1435,Female,38,56,44
1436,Female,25,88,17
1437,Female,63,46,41
1438,Male,57,73,54
1439,Female,63,48,44
1440,Male,24,140,98
1441,Male,40,23,5
1442,Female,61,95,27
1443,Female,49,25,87
1444,Male,28,110,78
1445,Male,39,24,79
1446,Male,39,100,43
1447,Female,60,135,97
1448,Female,42,31,31
1449,Female,39,82,99
1450,Female,45,62,17
1451,Female,46,66,92
1452,Male,30,125,83
1453,Female,35,39,54
1454,Male,19,137,62
1455,Male,46,35,87
1456,Male,38,115,32
1457,Female,32,116,40
1458,Female,69,127,13
1459,Female,44,79,84
1460,Male,67,77,35
1461,Male,48,103,5
1462,Male,32,65,73
1463,Male,68,50,29
1464,Male,40,95,70
1465,Male,41,119,25
1466,Female,61,102,95
1467,Female,30,80,22
1468,Female,39,118,66
1469,Female,60,29,45
1470,Male,54,110,69
1471,Male,50,53,91
1472,Female,20,137,89
1473,Male,36,84,72
1474,Female,40,15,1
1475,Female,46,125,84
1476,Female,47,37,44
1477,Male,56,136,87
1478,Female,61,53,96
1479,Female,64,139,75
1480,Female,42,140,39
1481,Male,54,71,54
1482,Male,64,95,88
1483,Female,25,48,75
1484,Male,59,137,29
1485,Male,33,55,54
1486,Male,25,107,90
1487,Male,18,87,16
1488,Male,61,27,99
1489,Male,22,84,20
1490,Male,20,20,46
1491,Male,18,98,67
1492,Male,21,66,65
1493,Male,57,131,58
1494,Female,52,17,53
1495,Female,49,95,1
1496,Male,59,77,81
1497,Female,51,63,66
1498,Female,60,90,29
1499,Male,42,126,84
1500,Male,27,61,70
1501,Male,38,123,8
1502,Female,63,69,29
1503,Female,56,78,51
1504,Male,44,79,33
1505,Male,44,95,3
1506,Male,19,81,60
1507,Female,58,104,35
1508,Female,65,29,69
1509,Female,30,114,91
1510,Female,26,46,76
1511,Male,69,110,84
1512,Male,53,82,20
1513,Male,39,32,73
1514,Male,59,127,39
1515,Female,43,97,4
1516,Female,29,57,19
1517,Male,34,130,91
1518,Male,31,49,45
1519,Female,31,118,43
1520,Male,51,92,13
1521,Female,70,72,13
1522,Male,37,47,60
1523,Male,28,28,57
1524,Male,33,48,86
1525,Male,68,75,92
1526,Male,48,133,52
1527,Male,23,18,53
1528,Male,36,102,86
1529,Female,54,73,43
1530,Female,21,43,83
1531,Female,64,97,72
1532,Female,21,20,72
1533,Female,37,135,42
1534,Male,27,111,90
1535,Male,41,63,26
1536,Female,52,54,23
1537,Male,43,97,43
1538,Female,54,131,77
1539,Female,55,79,28
1540,Male,38,83,9
1541,Male,57,41,20
1542,Male,56,94,56
1543,Female,38,20,83
1544,Male,27,118,39
1545,Female,55,27,51
1546,Female,63,126,12
1547,Female,21,78,79
1548,Male,62,76,95
1549,Male,37,113,55
1550,Female,34,33,78
1551,Male,24,90,11
1552,Male,21,94,26
1553,Male,46,137,42
1554,Female,31,57,27
1555,Female,20,88,11
1556,Male,41,103,38
1557,Female,54,34,98
1558,Male,33,109,43
1559,Male,69,82,19
1560,Male,21,58,64
1561,Male,41,37,6
1562,Female,51,16,46
1563,Female,47,134,42
1564,Female,35,36,92
1565,Male,36,129,65
1566,Male,48,71,99
1567,Male,36,115,72
1568,Female,66,86,59
1569,Male,63,21,52
1570,Female,36,92,47
1571,Female,39,70,7
1572,Female,41,133,11
1573,Female,62,81,61
1574,Female,29,128,68
1575,Female,47,30,25
1576,Male,55,133,12
1577,Male,70,97,26
1578,Female,48,65,12
1579,Female,53,96,43
1580,Male,36,130,51
1581,Female,65,94,37
1582,Female,62,86,46
1583,Male,53,138,53
1584,Female,47,111,88
1585,Female,66,127,80
1586,Female,50,26,13
1587,Male,35,140,89
1588,Male,69,67,54
1589,Male,66,89,57
1590,Female,45,19,4
1591,Female,64,41,75
1592,Male,28,26,96
1593,Female,62,31,49
1594,Female,50,20,7
1595,Female,34,111,11
1596,Female,23,19,92
1597,Female,21,71,54
1598,Male,37,42,87
1599,Female,65,92,45
1600,Male,64,83,23
1601,Female,44,132,28
1602,Male,32,134,57
1603,Female,23,73,26
1604,Male,64,47,25
1605,Female,31,76,54
1606,Male,28,64,29
1607,Female,56,126,83
1608,Male,26,119,97
1609,Female,43,33,36
1610,Male,33,100,14
1611,Male,22,83,78
1612,Female,69,137,35
1613,Female,27,80,30
1614,Male,67,108,92
1615,Female,20,61,17
1616,Male,30,53,67
1617,Male,60,82,80
1618,Male,66,47,30
1619,Female,47,27,93
1620,Male,62,98,45
1621,Male,23,68,79
1622,Female,34,21,89
1623,Female,62,93,51
1624,Female,68,101,47
1625,Female,70,28,53
1626,Male,36,101,64
1627,Male,59,33,38
1628,Male,52,68,64
1629,Male,63,107,87
1630,Female,43,134,89
1631,Male,68,34,7
1632,Male,22,43,22
1633,Female,46,38,81
1634,Male,54,96,82
1635,Male,37,77,41
1636,Male,66,88,74
1637,Male,38,119,10
1638,Male,27,71,57
1639,Male,22,22,7
1640,Female,53,104,50
1641,Female,23,76,91
1642,Male,43,43,52
1643,Male,21,88,33
1644,Female,56,31,1
1645,Male,56,80,53
1646,Male,67,20,60
1647,Male,52,72,34
1648,Female,18,83,4
1649,Male,41,42,17
1650,Female,53,76,4
1651,Male,23,55,43
1652,Female,58,83,90
1653,Female,63,96,4
1654,Male,61,104,1
1655,Female,48,98,71
1656,Male,37,55,94
1657,Female,41,63,50
1658,Male,42,105,73
1659,Male,53,63,61
1660,Female,38,90,35
1661,Male,47,85,8
1662,Male,41,137,24
1663,Female,61,17,83
1664,Male,59,24,36
1665,Male,47,112,50
1666,Female,39,103,43
1667,Female,45,49,27
1668,Male,24,94,32
1669,Male,52,16,78
1670,Female,45,138,18
1671,Female,31,38,28
1672,Male,27,88,29
1673,Female,33,52,16
1674,Male,33,36,99
1675,Male,48,40,47
1676,Male,59,57,59
1677,Male,42,69,31
1678,Male,30,53,4
1679,Female,23,105,37
1680,Female,61,43,17
1681,Female,26,125,39
1682,Female,62,116,48
1683,Male,53,34,46
1684,Male,60,105,90
1685,Male,37,55,48
1686,Male,35,68,39
1687,Female,60,34,4
1688,Male,38,122,30
1689,Male,21,33,30
1690,Female,67,98,22
1691,Female,50,113,75
1692,Female,44,125,66
1693,Female,24,80,12
1694,Male,23,44,94
1695,Male,32,67,36
1696,Female,35,48,18
1697,Male,49,36,90
1698,Male,28,81,53
1699,Male,37,20,71
1700,Female,41,93,1
1701,Male,32,41,58
1702,Female,65,24,90
1703,Male,24,87,87
1704,Male,38,111,90
1705,Male,59,110,6
1706,Female,43,62,70
1707,Male,61,84,44
1708,Female,31,119,72
1709,Female,54,73,24
1710,Female,38,114,86
1711,Male,35,73,19
1712,Male,22,138,18
1713,Male,20,16,95
1714,Male,40,43,30
1715,Female,43,82,42
1716,Female,54,79,33
1717,Female,41,97,74
1718,Male,66,40,12
1719,Female,36,103,94
1720,Male,68,24,27
1721,Female,42,67,39
1722,Male,38,93,9
1723,Male,29,73,21
1724,Female,58,36,76
1725,Female,50,65,29
1726,Female,67,62,33
1727,Female,70,35,62
1728,Male,21,137,15
1729,Female,59,134,2
1730,Female,24,36,52
1731,Female,39,114,44
1732,Male,50,112,54
1733,Male,34,44,18
1734,Female,41,39,3
1735,Male,51,123,7
1736,Female,45,42,43
1737,Male,60,79,82
1738,Male,58,127,38
1739,Male,56,59,37
1740,Male,39,82,58
1741,Female,66,21,33
1742,Female,34,63,59
1743,Female,51,23,95
1744,Male,23,50,11
1745,Female,63,97,68
1746,Female,23,15,82
1747,Female,51,24,68
1748,Male,18,50,98
1749,Male,27,87,93
1750,Male,38,123,88
1751,Female,22,60,22
1752,Female,19,120,66
1753,Female,39,46,44
1754,Male,65,46,6
1755,Male,19,20,42
1756,Female,27,62,25
1757,Male,51,52,57
1758,Male,33,31,85
1759,Male,65,88,55
1760,Male,68,128,16
1761,Female,56,41,95
1762,Male,39,68,14
1763,Male,29,64,39
1764,Male,41,49,28
1765,Male,64,130,96
1766,Female,57,137,92
1767,Female,55,99,51
1768,Male,27,39,49
1769,Male,52,42,9
1770,Male,68,125,58
1771,Male,66,29,45
1772,Male,49,18,22
1773,Male,24,107,32
1774,Female,38,137,69
1775,Male,37,87,87
1776,Female,43,41,69
1777,Female,21,40,42
1778,Male,63,33,53
1779,Female,69,134,96
1780,Female,39,106,59
1781,Female,32,31,74
1782,Female,57,57,39
1783,Female,38,135,15
1784,Female,32,55,71
1785,Male,39,56,29
1786,Female,69,64,3
1787,Female,45,98,83
1788,Female,31,123,10
1789,Male,44,54,92
1790,Female,58,53,29
1791,Male,57,127,79
1792,Female,45,131,35
1793,Male,43,37,6
1794,Male,66,125,12
1795,Female,19,110,38
1796,Female,42,66,77
1797,Male,20,61,93
1798,Female,25,77,19
1799,Male,61,111,67
1800,Male,50,135,8
1801,Male,59,124,8
1802,Male,69,83,84
1803,Male,52,57,47
1804,Female,23,62,4
1805,Male,56,48,51
1806,Male,69,54,85
1807,Female,40,89,67
1808,Male,42,75,45
1809,Female,67,64,8
1810,Female,60,81,87
1811,Female,36,76,16
1812,Male,22,72,77
1813,Male,68,47,67
1814,Male,28,89,9
1815,Female,29,30,60
1816,Male,27,96,78
1817,Female,25,108,77
1818,Male,41,62,71
1819,Female,45,133,15
1820,Male,58,24,71
1821,Male,53,96,98
1822,Male,54,52,41
1823,Female,38,33,22
1824,Female,25,50,24
1825,Male,26,73,44
1826,Male,64,77,1
1827,Female,32,91,10
1828,Female,65,134,80
1829,Female,63,60,72
1830,Male,57,17,56
1831,Female,35,88,89
1832,Male,59,116,50
1833,Female,37,79,12
1834,Male,23,133,89
1835,Female,29,134,81
1836,Female,19,105,60
1837,Female,24,124,26
1838,Female,33,22,78
1839,Female,20,65,41
1840,Male,62,124,36
1841,Female,20,120,23
1842,Female,44,95,43
1843,Female,67,87,6
1844,Male,60,139,69
1845,Female,57,20,43
1846,Male,55,121,25
1847,Female,50,103,18
1848,Female,45,53,62
1849,Male,18,127,13
1850,Female,25,74,43
1851,Male,54,42,78
1852,Male,49,111,28
1853,Female,65,68,18
1854,Male,60,51,59
1855,Female,54,23,60
1856,Female,21,96,63
1857,Male,47,70,57
1858,Male,23,73,92
1859,Male,63,99,51
1860,Male,36,16,56
1861,Female,49,75,27
1862,Female,26,72,32
1863,Male,29,121,9
1864,Female,28,137,96
1865,Female,63,74,84
1866,Female,33,116,92
1867,Female,18,136,97
1868,Male,62,54,68
1869,Male,70,50,46
1870,Female,38,128,98
1871,Male,47,138,67
1872,Male,30,121,26
1873,Male,51,51,8
1874,Female,21,93,6
1875,Female,45,106,80
1876,Female,55,32,24
1877,Male,48,112,48
1878,Female,44,77,94
1879,Female,22,36,45
1880,Male,42,25,13
1881,Female,20,72,69
1882,Female,50,71,25
1883,Male,21,91,20
1884,Male,42,18,82
1885,Male,37,100,82
1886,Female,51,21,66
1887,Female,43,75,74
1888,Female,22,121,45
1889,Male,52,68,47
1890,Male,45,102,63
1891,Female,46,82,76
1892,Female,26,106,77
1893,Male,69,93,55
1894,Male,55,15,75
1895,Male,67,69,19
1896,Male,23,17,35
1897,Female,36,92,53
1898,Male,61,52,26
1899,Female,28,128,14
1900,Female,19,135,45
1901,Female,64,15,44
1902,Male,61,116,88
1903,Male,61,52,65
1904,Male,26,99,51
1905,Male,38,126,43
1906,Female,41,43,86
1907,Male,51,19,23
1908,Male,39,127,56
1909,Female,20,88,19
1910,Male,29,106,82
1911,Female,45,35,76
1912,Female,47,128,55
1913,Female,43,85,92
1914,Female,65,81,92
1915,Female,38,123,60
1916,Female,45,61,59
1917,Female,43,98,33
1918,Female,50,97,19
1919,Male,38,49,28
1920,Male,52,82,52
1921,Male,69,83,49
1922,Male,51,15,37
1923,Female,58,82,26
1924,Male,68,26,99
1925,Female,64,74,98
1926,Male,35,41,99
1927,Male,28,70,40
1928,Male,40,120,80
1929,Female,65,37,38
1930,Male,39,39,77
1931,Female,34,35,87
1932,Female,22,75,54
1933,Male,61,77,22
1934,Male,28,136,16
1935,Male,47,66,28
1936,Female,32,102,35
1937,Male,44,39,60
1938,Female,52,123,45
1939,Female,50,69,46
1940,Male,37,60,72
1941,Male,33,46,55
1942,Female,51,69,86
1943,Female,19,110,85
1944,Female,52,19,26
1945,Male,57,50,85
1946,Female,45,124,25
1947,Male,64,120,65
1948,Female,56,63,6
1949,Female,23,120,23
1950,Male,26,72,64
1951,Female,37,53,87
1952,Male,18,94,43
1953,Male,25,111,23
1954,Female,40,127,96
1955,Male,20,99,30
1956,Male,21,75,77
1957,Female,42,23,18
1958,Male,64,20,87
1959,Male,55,129,79
1960,Male,32,123,97
1961,Female,38,49,21
1962,Male,52,53,57
1963,Female,70,36,23
1964,Female,70,55,91
1965,Male,63,132,45
1966,Male,69,19,44
1967,Male,31,56,82
1968,Female,53,101,88
1969,Male,29,95,47
1970,Male,34,90,40
1971,Male,56,101,51
1972,Male,26,94,42
1973,Male,52,81,7
1974,Female,30,44,50
1975,Female,32,71,48
1976,Male,35,100,84
1977,Male,68,87,91
1978,Male,50,43,6
1979,Male,23,125,91
1980,Female,44,51,9
1981,Male,40,101,57
1982,Female,44,27,31
1983,Female,51,46,21
1984,Male,63,60,90
1985,Female,55,130,40
1986,Female,31,125,45
1987,Female,53,126,77
1988,Female,70,37,49
1989,Male,25,59,87
1990,Male,52,31,20
1991,Female,36,133,92
1992,Male,47,118,17
1993,Male,31,99,28
1994,Male,37,80,41
1995,Male,66,115,66
1996,Male,42,20,25
1997,Female,57,122,58
1998,Male,41,32,41
1999,Male,31,108,6
2000,Male,43,36,75
